Topo,b,Mode,rho_global,rho_hubs
BA,1.6,amnesic,0.998,1.0
BA,1.6,amnesic,1.0,1.0
BA,1.6,amnesic,1.0,1.0
BA,1.6,amnesic,1.0,1.0
BA,1.6,amnesic,1.0,1.0
BA,1.6,amnesic,1.0,1.0
BA,1.6,amnesic,1.0,1.0
BA,1.6,amnesic,1.0,1.0
BA,1.6,amnesic,1.0,1.0
BA,1.6,amnesic,1.0,1.0
BA,1.6,amnesic,1.0,1.0
BA,1.6,amnesic,1.0,1.0
BA,1.6,amnesic,0.0,0.0
BA,1.6,amnesic,1.0,1.0
BA,1.6,amnesic,1.0,1.0
BA,1.6,amnesic,1.0,1.0
BA,1.6,amnesic,1.0,1.0
BA,1.6,amnesic,1.0,1.0
BA,1.6,amnesic,1.0,1.0
BA,1.6,amnesic,1.0,1.0
BA,1.6,amnesic,1.0,1.0
BA,1.6,amnesic,1.0,1.0
BA,1.6,amnesic,1.0,1.0
BA,1.6,amnesic,1.0,1.0
BA,1.6,amnesic,1.0,1.0
BA,1.6,amnesic,1.0,1.0
BA,1.6,amnesic,1.0,1.0
BA,1.6,amnesic,1.0,1.0
BA,1.6,amnesic,1.0,1.0
BA,1.6,amnesic,1.0,1.0
BA,1.6,amnesic,1.0,1.0
BA,1.6,amnesic,1.0,1.0
BA,1.6,amnesic,1.0,1.0
BA,1.6,amnesic,1.0,1.0
BA,1.6,amnesic,1.0,1.0
BA,1.6,amnesic,1.0,1.0
BA,1.6,amnesic,1.0,1.0
BA,1.6,amnesic,1.0,1.0
BA,1.6,amnesic,1.0,1.0
BA,1.6,amnesic,0.998,1.0
BA,1.6,amnesic,1.0,1.0
BA,1.6,amnesic,1.0,1.0
BA,1.6,amnesic,1.0,1.0
BA,1.6,amnesic,1.0,1.0
BA,1.6,amnesic,1.0,1.0
BA,1.6,amnesic,1.0,1.0
BA,1.6,amnesic,1.0,1.0
BA,1.6,amnesic,1.0,1.0
BA,1.6,amnesic,1.0,1.0
BA,1.6,amnesic,0.986,1.0
BA,1.6,amnesic,1.0,1.0
BA,1.6,amnesic,1.0,1.0
BA,1.6,amnesic,1.0,1.0
BA,1.6,amnesic,1.0,1.0
BA,1.6,amnesic,1.0,1.0
BA,1.6,amnesic,1.0,1.0
BA,1.6,amnesic,1.0,1.0
BA,1.6,amnesic,1.0,1.0
BA,1.6,amnesic,1.0,1.0
BA,1.6,amnesic,1.0,1.0
BA,1.6,amnesic,1.0,1.0
BA,1.6,amnesic,1.0,1.0
BA,1.6,amnesic,1.0,1.0
BA,1.6,amnesic,1.0,1.0
BA,1.6,amnesic,1.0,1.0
BA,1.6,amnesic,1.0,1.0
BA,1.6,amnesic,1.0,1.0
BA,1.6,amnesic,1.0,1.0
BA,1.6,amnesic,1.0,1.0
BA,1.6,amnesic,1.0,1.0
BA,1.6,amnesic,1.0,1.0
BA,1.6,amnesic,1.0,1.0
BA,1.6,amnesic,1.0,1.0
BA,1.6,amnesic,1.0,1.0
BA,1.6,amnesic,1.0,1.0
BA,1.6,amnesic,1.0,1.0
BA,1.6,amnesic,0.994,1.0
BA,1.6,amnesic,1.0,1.0
BA,1.6,amnesic,1.0,1.0
BA,1.6,amnesic,1.0,1.0
BA,1.6,amnesic,1.0,1.0
BA,1.6,amnesic,1.0,1.0
BA,1.6,amnesic,1.0,1.0
BA,1.6,amnesic,1.0,1.0
BA,1.6,amnesic,1.0,1.0
BA,1.6,amnesic,1.0,1.0
BA,1.6,amnesic,1.0,1.0
BA,1.6,amnesic,1.0,1.0
BA,1.6,amnesic,1.0,1.0
BA,1.6,amnesic,0.996,1.0
BA,1.6,amnesic,1.0,1.0
BA,1.6,amnesic,1.0,1.0
BA,1.6,amnesic,1.0,1.0
BA,1.6,amnesic,1.0,1.0
BA,1.6,amnesic,1.0,1.0
BA,1.6,amnesic,1.0,1.0
BA,1.6,amnesic,1.0,1.0
BA,1.6,amnesic,1.0,1.0
BA,1.6,amnesic,1.0,1.0
BA,1.6,amnesic,1.0,1.0
BA,1.7,amnesic,1.0,1.0
BA,1.7,amnesic,0.98,1.0
BA,1.7,amnesic,0.936,1.0
BA,1.7,amnesic,0.992,1.0
BA,1.7,amnesic,1.0,1.0
BA,1.7,amnesic,1.0,1.0
BA,1.7,amnesic,0.986,1.0
BA,1.7,amnesic,0.96,1.0
BA,1.7,amnesic,1.0,1.0
BA,1.7,amnesic,0.944,1.0
BA,1.7,amnesic,1.0,1.0
BA,1.7,amnesic,1.0,1.0
BA,1.7,amnesic,0.982,1.0
BA,1.7,amnesic,0.984,1.0
BA,1.7,amnesic,0.968,1.0
BA,1.7,amnesic,1.0,1.0
BA,1.7,amnesic,1.0,1.0
BA,1.7,amnesic,0.956,1.0
BA,1.7,amnesic,0.966,1.0
BA,1.7,amnesic,1.0,1.0
BA,1.7,amnesic,1.0,1.0
BA,1.7,amnesic,0.958,1.0
BA,1.7,amnesic,1.0,1.0
BA,1.7,amnesic,1.0,1.0
BA,1.7,amnesic,0.986,1.0
BA,1.7,amnesic,1.0,1.0
BA,1.7,amnesic,0.956,1.0
BA,1.7,amnesic,0.97,1.0
BA,1.7,amnesic,0.966,1.0
BA,1.7,amnesic,1.0,1.0
BA,1.7,amnesic,0.974,1.0
BA,1.7,amnesic,1.0,1.0
BA,1.7,amnesic,0.996,1.0
BA,1.7,amnesic,0.944,1.0
BA,1.7,amnesic,0.96,1.0
BA,1.7,amnesic,1.0,1.0
BA,1.7,amnesic,0.958,1.0
BA,1.7,amnesic,1.0,1.0
BA,1.7,amnesic,0.94,1.0
BA,1.7,amnesic,0.97,1.0
BA,1.7,amnesic,1.0,1.0
BA,1.7,amnesic,1.0,1.0
BA,1.7,amnesic,1.0,1.0
BA,1.7,amnesic,0.97,1.0
BA,1.7,amnesic,0.952,1.0
BA,1.7,amnesic,1.0,1.0
BA,1.7,amnesic,0.908,1.0
BA,1.7,amnesic,0.994,1.0
BA,1.7,amnesic,0.952,1.0
BA,1.7,amnesic,0.966,1.0
BA,1.7,amnesic,0.994,1.0
BA,1.7,amnesic,1.0,1.0
BA,1.7,amnesic,0.982,1.0
BA,1.7,amnesic,1.0,1.0
BA,1.7,amnesic,1.0,1.0
BA,1.7,amnesic,0.978,1.0
BA,1.7,amnesic,0.962,1.0
BA,1.7,amnesic,1.0,1.0
BA,1.7,amnesic,0.958,1.0
BA,1.7,amnesic,0.966,1.0
BA,1.7,amnesic,1.0,1.0
BA,1.7,amnesic,0.98,1.0
BA,1.7,amnesic,0.948,1.0
BA,1.7,amnesic,1.0,1.0
BA,1.7,amnesic,1.0,1.0
BA,1.7,amnesic,1.0,1.0
BA,1.7,amnesic,0.954,1.0
BA,1.7,amnesic,0.994,1.0
BA,1.7,amnesic,1.0,1.0
BA,1.7,amnesic,1.0,1.0
BA,1.7,amnesic,1.0,1.0
BA,1.7,amnesic,0.978,1.0
BA,1.7,amnesic,0.972,1.0
BA,1.7,amnesic,0.986,1.0
BA,1.7,amnesic,1.0,1.0
BA,1.7,amnesic,0.964,1.0
BA,1.7,amnesic,1.0,1.0
BA,1.7,amnesic,1.0,1.0
BA,1.7,amnesic,0.954,1.0
BA,1.7,amnesic,0.968,1.0
BA,1.7,amnesic,1.0,1.0
BA,1.7,amnesic,1.0,1.0
BA,1.7,amnesic,1.0,1.0
BA,1.7,amnesic,0.966,1.0
BA,1.7,amnesic,1.0,1.0
BA,1.7,amnesic,1.0,1.0
BA,1.7,amnesic,1.0,1.0
BA,1.7,amnesic,1.0,1.0
BA,1.7,amnesic,0.98,1.0
BA,1.7,amnesic,0.98,1.0
BA,1.7,amnesic,1.0,1.0
BA,1.7,amnesic,0.958,1.0
BA,1.7,amnesic,1.0,1.0
BA,1.7,amnesic,1.0,1.0
BA,1.7,amnesic,1.0,1.0
BA,1.7,amnesic,0.942,1.0
BA,1.7,amnesic,0.956,1.0
BA,1.7,amnesic,0.946,1.0
BA,1.7,amnesic,0.946,1.0
BA,1.7,amnesic,1.0,1.0
BA,1.8,amnesic,0.934,1.0
BA,1.8,amnesic,0.932,1.0
BA,1.8,amnesic,0.94,1.0
BA,1.8,amnesic,0.944,1.0
BA,1.8,amnesic,0.944,1.0
BA,1.8,amnesic,0.914,1.0
BA,1.8,amnesic,0.964,1.0
BA,1.8,amnesic,0.958,1.0
BA,1.8,amnesic,0.932,1.0
BA,1.8,amnesic,0.9,1.0
BA,1.8,amnesic,0.934,1.0
BA,1.8,amnesic,0.94,1.0
BA,1.8,amnesic,0.0,0.0
BA,1.8,amnesic,0.926,1.0
BA,1.8,amnesic,0.912,1.0
BA,1.8,amnesic,0.94,1.0
BA,1.8,amnesic,0.938,1.0
BA,1.8,amnesic,0.94,1.0
BA,1.8,amnesic,0.922,1.0
BA,1.8,amnesic,0.95,1.0
BA,1.8,amnesic,0.956,1.0
BA,1.8,amnesic,0.948,1.0
BA,1.8,amnesic,0.908,1.0
BA,1.8,amnesic,0.928,1.0
BA,1.8,amnesic,0.942,1.0
BA,1.8,amnesic,0.942,1.0
BA,1.8,amnesic,1.0,1.0
BA,1.8,amnesic,0.914,1.0
BA,1.8,amnesic,0.944,1.0
BA,1.8,amnesic,0.954,1.0
BA,1.8,amnesic,0.954,1.0
BA,1.8,amnesic,0.95,1.0
BA,1.8,amnesic,0.938,1.0
BA,1.8,amnesic,0.936,1.0
BA,1.8,amnesic,0.932,1.0
BA,1.8,amnesic,0.948,1.0
BA,1.8,amnesic,0.948,1.0
BA,1.8,amnesic,0.948,1.0
BA,1.8,amnesic,0.932,1.0
BA,1.8,amnesic,0.966,1.0
BA,1.8,amnesic,0.934,1.0
BA,1.8,amnesic,0.94,1.0
BA,1.8,amnesic,0.942,1.0
BA,1.8,amnesic,1.0,1.0
BA,1.8,amnesic,0.928,1.0
BA,1.8,amnesic,0.964,1.0
BA,1.8,amnesic,0.944,1.0
BA,1.8,amnesic,0.96,1.0
BA,1.8,amnesic,0.926,1.0
BA,1.8,amnesic,0.954,1.0
BA,1.8,amnesic,0.914,1.0
BA,1.8,amnesic,0.942,1.0
BA,1.8,amnesic,0.932,1.0
BA,1.8,amnesic,0.958,1.0
BA,1.8,amnesic,0.91,1.0
BA,1.8,amnesic,0.962,1.0
BA,1.8,amnesic,0.912,1.0
BA,1.8,amnesic,0.954,1.0
BA,1.8,amnesic,0.912,1.0
BA,1.8,amnesic,0.936,1.0
BA,1.8,amnesic,0.936,1.0
BA,1.8,amnesic,0.952,1.0
BA,1.8,amnesic,0.938,1.0
BA,1.8,amnesic,0.94,1.0
BA,1.8,amnesic,1.0,1.0
BA,1.8,amnesic,0.946,1.0
BA,1.8,amnesic,0.948,1.0
BA,1.8,amnesic,0.914,1.0
BA,1.8,amnesic,0.944,1.0
BA,1.8,amnesic,0.976,1.0
BA,1.8,amnesic,0.934,1.0
BA,1.8,amnesic,0.924,1.0
BA,1.8,amnesic,0.946,1.0
BA,1.8,amnesic,0.954,1.0
BA,1.8,amnesic,0.894,1.0
BA,1.8,amnesic,0.948,1.0
BA,1.8,amnesic,0.956,1.0
BA,1.8,amnesic,0.96,1.0
BA,1.8,amnesic,0.956,1.0
BA,1.8,amnesic,0.912,1.0
BA,1.8,amnesic,0.902,1.0
BA,1.8,amnesic,0.93,1.0
BA,1.8,amnesic,0.982,1.0
BA,1.8,amnesic,0.93,1.0
BA,1.8,amnesic,0.928,1.0
BA,1.8,amnesic,0.92,1.0
BA,1.8,amnesic,0.914,1.0
BA,1.8,amnesic,0.016,0.0
BA,1.8,amnesic,0.934,1.0
BA,1.8,amnesic,0.914,1.0
BA,1.8,amnesic,0.93,1.0
BA,1.8,amnesic,0.948,1.0
BA,1.8,amnesic,0.984,1.0
BA,1.8,amnesic,0.95,1.0
BA,1.8,amnesic,0.938,1.0
BA,1.8,amnesic,0.898,1.0
BA,1.8,amnesic,0.922,1.0
BA,1.8,amnesic,0.96,1.0
BA,1.8,amnesic,0.954,1.0
BA,1.8,amnesic,0.94,1.0
BA,1.9,amnesic,0.898,1.0
BA,1.9,amnesic,0.91,1.0
BA,1.9,amnesic,0.934,1.0
BA,1.9,amnesic,0.842,1.0
BA,1.9,amnesic,0.886,1.0
BA,1.9,amnesic,0.918,1.0
BA,1.9,amnesic,0.904,1.0
BA,1.9,amnesic,0.92,1.0
BA,1.9,amnesic,0.908,1.0
BA,1.9,amnesic,0.898,1.0
BA,1.9,amnesic,0.9,1.0
BA,1.9,amnesic,0.884,1.0
BA,1.9,amnesic,0.0,0.0
BA,1.9,amnesic,0.868,1.0
BA,1.9,amnesic,0.88,1.0
BA,1.9,amnesic,0.95,1.0
BA,1.9,amnesic,0.896,1.0
BA,1.9,amnesic,0.882,1.0
BA,1.9,amnesic,0.894,1.0
BA,1.9,amnesic,0.908,1.0
BA,1.9,amnesic,0.872,1.0
BA,1.9,amnesic,0.872,1.0
BA,1.9,amnesic,0.856,1.0
BA,1.9,amnesic,0.854,1.0
BA,1.9,amnesic,0.924,1.0
BA,1.9,amnesic,0.852,1.0
BA,1.9,amnesic,0.912,1.0
BA,1.9,amnesic,0.908,1.0
BA,1.9,amnesic,0.9,1.0
BA,1.9,amnesic,0.902,1.0
BA,1.9,amnesic,0.888,1.0
BA,1.9,amnesic,0.898,1.0
BA,1.9,amnesic,0.876,1.0
BA,1.9,amnesic,0.948,1.0
BA,1.9,amnesic,0.92,1.0
BA,1.9,amnesic,0.922,1.0
BA,1.9,amnesic,0.906,1.0
BA,1.9,amnesic,0.832,1.0
BA,1.9,amnesic,0.898,1.0
BA,1.9,amnesic,0.94,1.0
BA,1.9,amnesic,0.914,1.0
BA,1.9,amnesic,0.898,1.0
BA,1.9,amnesic,0.88,1.0
BA,1.9,amnesic,0.88,1.0
BA,1.9,amnesic,0.886,1.0
BA,1.9,amnesic,0.888,1.0
BA,1.9,amnesic,0.886,1.0
BA,1.9,amnesic,0.888,1.0
BA,1.9,amnesic,0.938,1.0
BA,1.9,amnesic,0.9,1.0
BA,1.9,amnesic,0.9,1.0
BA,1.9,amnesic,0.92,1.0
BA,1.9,amnesic,0.892,1.0
BA,1.9,amnesic,0.886,1.0
BA,1.9,amnesic,0.916,1.0
BA,1.9,amnesic,0.878,1.0
BA,1.9,amnesic,0.902,1.0
BA,1.9,amnesic,0.926,1.0
BA,1.9,amnesic,0.908,1.0
BA,1.9,amnesic,0.898,1.0
BA,1.9,amnesic,0.886,1.0
BA,1.9,amnesic,0.916,1.0
BA,1.9,amnesic,0.902,1.0
BA,1.9,amnesic,0.906,1.0
BA,1.9,amnesic,0.886,1.0
BA,1.9,amnesic,0.868,1.0
BA,1.9,amnesic,0.856,1.0
BA,1.9,amnesic,0.906,1.0
BA,1.9,amnesic,0.854,1.0
BA,1.9,amnesic,0.924,1.0
BA,1.9,amnesic,0.886,1.0
BA,1.9,amnesic,0.906,1.0
BA,1.9,amnesic,0.912,1.0
BA,1.9,amnesic,0.922,1.0
BA,1.9,amnesic,0.924,1.0
BA,1.9,amnesic,0.866,1.0
BA,1.9,amnesic,0.858,1.0
BA,1.9,amnesic,0.88,1.0
BA,1.9,amnesic,0.912,1.0
BA,1.9,amnesic,0.884,1.0
BA,1.9,amnesic,0.898,1.0
BA,1.9,amnesic,0.904,1.0
BA,1.9,amnesic,0.888,1.0
BA,1.9,amnesic,0.884,1.0
BA,1.9,amnesic,0.858,1.0
BA,1.9,amnesic,0.896,1.0
BA,1.9,amnesic,0.924,1.0
BA,1.9,amnesic,0.902,1.0
BA,1.9,amnesic,0.874,1.0
BA,1.9,amnesic,0.852,1.0
BA,1.9,amnesic,0.9,1.0
BA,1.9,amnesic,0.9,1.0
BA,1.9,amnesic,0.91,1.0
BA,1.9,amnesic,0.94,1.0
BA,1.9,amnesic,0.886,1.0
BA,1.9,amnesic,0.914,1.0
BA,1.9,amnesic,0.89,1.0
BA,1.9,amnesic,0.932,1.0
BA,1.9,amnesic,0.91,1.0
BA,1.9,amnesic,0.902,1.0
BA,2.0,amnesic,0.802,1.0
BA,2.0,amnesic,0.708,1.0
BA,2.0,amnesic,0.776,1.0
BA,2.0,amnesic,0.734,1.0
BA,2.0,amnesic,0.642,1.0
BA,2.0,amnesic,0.706,1.0
BA,2.0,amnesic,0.716,1.0
BA,2.0,amnesic,0.658,1.0
BA,2.0,amnesic,0.026,0.2
BA,2.0,amnesic,0.674,1.0
BA,2.0,amnesic,0.688,1.0
BA,2.0,amnesic,0.712,1.0
BA,2.0,amnesic,0.0,0.0
BA,2.0,amnesic,0.704,1.0
BA,2.0,amnesic,0.622,1.0
BA,2.0,amnesic,0.752,1.0
BA,2.0,amnesic,0.762,1.0
BA,2.0,amnesic,0.782,1.0
BA,2.0,amnesic,0.0,0.0
BA,2.0,amnesic,0.784,1.0
BA,2.0,amnesic,0.728,1.0
BA,2.0,amnesic,0.752,1.0
BA,2.0,amnesic,0.8,1.0
BA,2.0,amnesic,0.728,1.0
BA,2.0,amnesic,0.742,1.0
BA,2.0,amnesic,0.712,1.0
BA,2.0,amnesic,0.656,1.0
BA,2.0,amnesic,0.788,1.0
BA,2.0,amnesic,0.77,1.0
BA,2.0,amnesic,0.702,1.0
BA,2.0,amnesic,0.762,1.0
BA,2.0,amnesic,0.718,1.0
BA,2.0,amnesic,0.696,1.0
BA,2.0,amnesic,0.726,1.0
BA,2.0,amnesic,0.74,1.0
BA,2.0,amnesic,0.744,1.0
BA,2.0,amnesic,0.716,1.0
BA,2.0,amnesic,0.734,1.0
BA,2.0,amnesic,0.762,1.0
BA,2.0,amnesic,0.8,1.0
BA,2.0,amnesic,0.77,1.0
BA,2.0,amnesic,0.764,1.0
BA,2.0,amnesic,0.04,0.2
BA,2.0,amnesic,0.75,1.0
BA,2.0,amnesic,0.756,1.0
BA,2.0,amnesic,0.748,1.0
BA,2.0,amnesic,0.75,1.0
BA,2.0,amnesic,0.698,1.0
BA,2.0,amnesic,0.7,1.0
BA,2.0,amnesic,0.746,1.0
BA,2.0,amnesic,0.782,1.0
BA,2.0,amnesic,0.738,1.0
BA,2.0,amnesic,0.702,1.0
BA,2.0,amnesic,0.766,1.0
BA,2.0,amnesic,0.72,1.0
BA,2.0,amnesic,0.724,1.0
BA,2.0,amnesic,0.682,1.0
BA,2.0,amnesic,0.778,1.0
BA,2.0,amnesic,0.776,1.0
BA,2.0,amnesic,0.752,1.0
BA,2.0,amnesic,0.82,1.0
BA,2.0,amnesic,0.734,1.0
BA,2.0,amnesic,0.0,0.0
BA,2.0,amnesic,0.714,1.0
BA,2.0,amnesic,0.726,1.0
BA,2.0,amnesic,0.748,1.0
BA,2.0,amnesic,0.736,1.0
BA,2.0,amnesic,0.776,1.0
BA,2.0,amnesic,0.828,1.0
BA,2.0,amnesic,0.778,1.0
BA,2.0,amnesic,0.756,1.0
BA,2.0,amnesic,0.692,1.0
BA,2.0,amnesic,0.732,1.0
BA,2.0,amnesic,0.716,1.0
BA,2.0,amnesic,0.7,1.0
BA,2.0,amnesic,0.816,1.0
BA,2.0,amnesic,0.72,1.0
BA,2.0,amnesic,0.758,1.0
BA,2.0,amnesic,0.7,1.0
BA,2.0,amnesic,0.724,1.0
BA,2.0,amnesic,0.614,1.0
BA,2.0,amnesic,0.628,1.0
BA,2.0,amnesic,0.032,0.1
BA,2.0,amnesic,0.802,1.0
BA,2.0,amnesic,0.668,1.0
BA,2.0,amnesic,0.006,0.2
BA,2.0,amnesic,0.714,1.0
BA,2.0,amnesic,0.0,0.0
BA,2.0,amnesic,0.782,1.0
BA,2.0,amnesic,0.686,1.0
BA,2.0,amnesic,0.67,1.0
BA,2.0,amnesic,0.808,1.0
BA,2.0,amnesic,0.734,1.0
BA,2.0,amnesic,0.832,1.0
BA,2.0,amnesic,0.758,1.0
BA,2.0,amnesic,0.68,1.0
BA,2.0,amnesic,0.662,1.0
BA,2.0,amnesic,0.822,1.0
BA,2.0,amnesic,0.77,1.0
BA,2.0,amnesic,0.786,1.0
BA,1.6,memory,1.0,1.0
BA,1.6,memory,1.0,1.0
BA,1.6,memory,1.0,1.0
BA,1.6,memory,0.998,1.0
BA,1.6,memory,1.0,1.0
BA,1.6,memory,0.99,1.0
BA,1.6,memory,0.99,1.0
BA,1.6,memory,1.0,1.0
BA,1.6,memory,1.0,1.0
BA,1.6,memory,1.0,1.0
BA,1.6,memory,1.0,1.0
BA,1.6,memory,1.0,1.0
BA,1.6,memory,1.0,1.0
BA,1.6,memory,1.0,1.0
BA,1.6,memory,0.99,1.0
BA,1.6,memory,1.0,1.0
BA,1.6,memory,1.0,1.0
BA,1.6,memory,1.0,1.0
BA,1.6,memory,1.0,1.0
BA,1.6,memory,1.0,1.0
BA,1.6,memory,1.0,1.0
BA,1.6,memory,1.0,1.0
BA,1.6,memory,1.0,1.0
BA,1.6,memory,1.0,1.0
BA,1.6,memory,1.0,1.0
BA,1.6,memory,1.0,1.0
BA,1.6,memory,0.998,1.0
BA,1.6,memory,1.0,1.0
BA,1.6,memory,1.0,1.0
BA,1.6,memory,1.0,1.0
BA,1.6,memory,0.982,1.0
BA,1.6,memory,1.0,1.0
BA,1.6,memory,0.992,1.0
BA,1.6,memory,1.0,1.0
BA,1.6,memory,0.996,1.0
BA,1.6,memory,1.0,1.0
BA,1.6,memory,1.0,1.0
BA,1.6,memory,1.0,1.0
BA,1.6,memory,0.992,1.0
BA,1.6,memory,0.992,1.0
BA,1.6,memory,1.0,1.0
BA,1.6,memory,1.0,1.0
BA,1.6,memory,1.0,1.0
BA,1.6,memory,0.988,1.0
BA,1.6,memory,1.0,1.0
BA,1.6,memory,1.0,1.0
BA,1.6,memory,1.0,1.0
BA,1.6,memory,1.0,1.0
BA,1.6,memory,1.0,1.0
BA,1.6,memory,0.992,1.0
BA,1.6,memory,1.0,1.0
BA,1.6,memory,1.0,1.0
BA,1.6,memory,0.988,1.0
BA,1.6,memory,1.0,1.0
BA,1.6,memory,1.0,1.0
BA,1.6,memory,1.0,1.0
BA,1.6,memory,1.0,1.0
BA,1.6,memory,0.996,1.0
BA,1.6,memory,1.0,1.0
BA,1.6,memory,0.992,1.0
BA,1.6,memory,0.992,1.0
BA,1.6,memory,1.0,1.0
BA,1.6,memory,1.0,1.0
BA,1.6,memory,1.0,1.0
BA,1.6,memory,0.988,1.0
BA,1.6,memory,1.0,1.0
BA,1.6,memory,1.0,1.0
BA,1.6,memory,1.0,1.0
BA,1.6,memory,1.0,1.0
BA,1.6,memory,1.0,1.0
BA,1.6,memory,1.0,1.0
BA,1.6,memory,1.0,1.0
BA,1.6,memory,1.0,1.0
BA,1.6,memory,1.0,1.0
BA,1.6,memory,1.0,1.0
BA,1.6,memory,1.0,1.0
BA,1.6,memory,1.0,1.0
BA,1.6,memory,1.0,1.0
BA,1.6,memory,1.0,1.0
BA,1.6,memory,1.0,1.0
BA,1.6,memory,1.0,1.0
BA,1.6,memory,1.0,1.0
BA,1.6,memory,1.0,1.0
BA,1.6,memory,1.0,1.0
BA,1.6,memory,0.996,1.0
BA,1.6,memory,1.0,1.0
BA,1.6,memory,1.0,1.0
BA,1.6,memory,0.998,1.0
BA,1.6,memory,1.0,1.0
BA,1.6,memory,1.0,1.0
BA,1.6,memory,1.0,1.0
BA,1.6,memory,1.0,1.0
BA,1.6,memory,0.998,1.0
BA,1.6,memory,1.0,1.0
BA,1.6,memory,1.0,1.0
BA,1.6,memory,1.0,1.0
BA,1.6,memory,1.0,1.0
BA,1.6,memory,1.0,1.0
BA,1.6,memory,1.0,1.0
BA,1.6,memory,1.0,1.0
BA,1.7,memory,1.0,1.0
BA,1.7,memory,0.958,1.0
BA,1.7,memory,0.984,1.0
BA,1.7,memory,0.99,1.0
BA,1.7,memory,1.0,1.0
BA,1.7,memory,1.0,1.0
BA,1.7,memory,0.992,1.0
BA,1.7,memory,1.0,1.0
BA,1.7,memory,0.986,1.0
BA,1.7,memory,1.0,1.0
BA,1.7,memory,1.0,1.0
BA,1.7,memory,1.0,1.0
BA,1.7,memory,1.0,1.0
BA,1.7,memory,1.0,1.0
BA,1.7,memory,0.992,1.0
BA,1.7,memory,1.0,1.0
BA,1.7,memory,0.95,1.0
BA,1.7,memory,1.0,1.0
BA,1.7,memory,1.0,1.0
BA,1.7,memory,0.994,1.0
BA,1.7,memory,0.952,1.0
BA,1.7,memory,0.95,1.0
BA,1.7,memory,0.982,1.0
BA,1.7,memory,1.0,1.0
BA,1.7,memory,1.0,1.0
BA,1.7,memory,0.98,1.0
BA,1.7,memory,0.99,1.0
BA,1.7,memory,0.984,1.0
BA,1.7,memory,1.0,1.0
BA,1.7,memory,1.0,1.0
BA,1.7,memory,1.0,1.0
BA,1.7,memory,0.982,1.0
BA,1.7,memory,0.994,1.0
BA,1.7,memory,1.0,1.0
BA,1.7,memory,0.996,1.0
BA,1.7,memory,1.0,1.0
BA,1.7,memory,1.0,1.0
BA,1.7,memory,1.0,1.0
BA,1.7,memory,0.994,1.0
BA,1.7,memory,1.0,1.0
BA,1.7,memory,1.0,1.0
BA,1.7,memory,0.97,1.0
BA,1.7,memory,0.966,1.0
BA,1.7,memory,0.994,1.0
BA,1.7,memory,1.0,1.0
BA,1.7,memory,0.978,1.0
BA,1.7,memory,1.0,1.0
BA,1.7,memory,1.0,1.0
BA,1.7,memory,0.998,1.0
BA,1.7,memory,0.992,1.0
BA,1.7,memory,0.974,1.0
BA,1.7,memory,0.988,1.0
BA,1.7,memory,1.0,1.0
BA,1.7,memory,1.0,1.0
BA,1.7,memory,1.0,1.0
BA,1.7,memory,1.0,1.0
BA,1.7,memory,1.0,1.0
BA,1.7,memory,1.0,1.0
BA,1.7,memory,0.99,1.0
BA,1.7,memory,1.0,1.0
BA,1.7,memory,1.0,1.0
BA,1.7,memory,1.0,1.0
BA,1.7,memory,0.97,1.0
BA,1.7,memory,1.0,1.0
BA,1.7,memory,0.992,1.0
BA,1.7,memory,0.984,1.0
BA,1.7,memory,1.0,1.0
BA,1.7,memory,1.0,1.0
BA,1.7,memory,1.0,1.0
BA,1.7,memory,0.984,1.0
BA,1.7,memory,1.0,1.0
BA,1.7,memory,1.0,1.0
BA,1.7,memory,0.996,1.0
BA,1.7,memory,0.994,1.0
BA,1.7,memory,1.0,1.0
BA,1.7,memory,1.0,1.0
BA,1.7,memory,1.0,1.0
BA,1.7,memory,0.946,1.0
BA,1.7,memory,1.0,1.0
BA,1.7,memory,1.0,1.0
BA,1.7,memory,0.976,1.0
BA,1.7,memory,1.0,1.0
BA,1.7,memory,1.0,1.0
BA,1.7,memory,0.984,1.0
BA,1.7,memory,0.992,1.0
BA,1.7,memory,0.978,1.0
BA,1.7,memory,0.974,1.0
BA,1.7,memory,0.97,1.0
BA,1.7,memory,0.978,1.0
BA,1.7,memory,1.0,1.0
BA,1.7,memory,0.986,1.0
BA,1.7,memory,0.99,1.0
BA,1.7,memory,1.0,1.0
BA,1.7,memory,1.0,1.0
BA,1.7,memory,1.0,1.0
BA,1.7,memory,0.984,1.0
BA,1.7,memory,1.0,1.0
BA,1.7,memory,0.962,1.0
BA,1.7,memory,1.0,1.0
BA,1.7,memory,0.954,1.0
BA,1.8,memory,0.952,1.0
BA,1.8,memory,0.942,1.0
BA,1.8,memory,0.92,1.0
BA,1.8,memory,0.944,1.0
BA,1.8,memory,0.972,1.0
BA,1.8,memory,0.956,1.0
BA,1.8,memory,0.992,1.0
BA,1.8,memory,0.972,1.0
BA,1.8,memory,0.948,1.0
BA,1.8,memory,0.946,1.0
BA,1.8,memory,0.94,1.0
BA,1.8,memory,0.952,1.0
BA,1.8,memory,0.016,0.0
BA,1.8,memory,0.95,1.0
BA,1.8,memory,0.956,1.0
BA,1.8,memory,0.99,1.0
BA,1.8,memory,0.95,1.0
BA,1.8,memory,0.986,1.0
BA,1.8,memory,0.9,1.0
BA,1.8,memory,1.0,1.0
BA,1.8,memory,0.956,1.0
BA,1.8,memory,0.936,1.0
BA,1.8,memory,0.946,1.0
BA,1.8,memory,0.956,1.0
BA,1.8,memory,0.952,1.0
BA,1.8,memory,0.974,1.0
BA,1.8,memory,0.956,1.0
BA,1.8,memory,0.938,1.0
BA,1.8,memory,0.956,1.0
BA,1.8,memory,0.934,1.0
BA,1.8,memory,0.952,1.0
BA,1.8,memory,0.976,1.0
BA,1.8,memory,0.99,1.0
BA,1.8,memory,0.956,1.0
BA,1.8,memory,0.99,1.0
BA,1.8,memory,0.958,1.0
BA,1.8,memory,0.954,1.0
BA,1.8,memory,0.95,1.0
BA,1.8,memory,0.988,1.0
BA,1.8,memory,0.922,1.0
BA,1.8,memory,0.904,1.0
BA,1.8,memory,0.96,1.0
BA,1.8,memory,0.952,1.0
BA,1.8,memory,0.998,1.0
BA,1.8,memory,0.976,1.0
BA,1.8,memory,0.988,1.0
BA,1.8,memory,0.884,1.0
BA,1.8,memory,0.906,1.0
BA,1.8,memory,0.93,1.0
BA,1.8,memory,0.996,1.0
BA,1.8,memory,0.95,1.0
BA,1.8,memory,0.942,1.0
BA,1.8,memory,0.988,1.0
BA,1.8,memory,0.994,1.0
BA,1.8,memory,0.928,1.0
BA,1.8,memory,0.948,1.0
BA,1.8,memory,0.928,1.0
BA,1.8,memory,0.956,1.0
BA,1.8,memory,0.984,1.0
BA,1.8,memory,0.954,1.0
BA,1.8,memory,0.94,1.0
BA,1.8,memory,0.916,1.0
BA,1.8,memory,0.948,1.0
BA,1.8,memory,1.0,1.0
BA,1.8,memory,0.934,1.0
BA,1.8,memory,0.95,1.0
BA,1.8,memory,0.94,1.0
BA,1.8,memory,0.962,1.0
BA,1.8,memory,0.956,1.0
BA,1.8,memory,0.942,1.0
BA,1.8,memory,0.952,1.0
BA,1.8,memory,0.95,1.0
BA,1.8,memory,0.954,1.0
BA,1.8,memory,0.988,1.0
BA,1.8,memory,0.958,1.0
BA,1.8,memory,0.938,1.0
BA,1.8,memory,0.962,1.0
BA,1.8,memory,0.952,1.0
BA,1.8,memory,0.934,1.0
BA,1.8,memory,0.934,1.0
BA,1.8,memory,0.956,1.0
BA,1.8,memory,0.958,1.0
BA,1.8,memory,0.9,1.0
BA,1.8,memory,0.948,1.0
BA,1.8,memory,0.958,1.0
BA,1.8,memory,0.926,1.0
BA,1.8,memory,0.942,1.0
BA,1.8,memory,0.02,0.0
BA,1.8,memory,0.95,1.0
BA,1.8,memory,0.94,1.0
BA,1.8,memory,0.956,1.0
BA,1.8,memory,0.95,1.0
BA,1.8,memory,0.95,1.0
BA,1.8,memory,0.972,1.0
BA,1.8,memory,0.952,1.0
BA,1.8,memory,0.934,1.0
BA,1.8,memory,0.958,1.0
BA,1.8,memory,0.9,1.0
BA,1.8,memory,0.948,1.0
BA,1.8,memory,0.946,1.0
BA,1.9,memory,0.918,1.0
BA,1.9,memory,0.878,1.0
BA,1.9,memory,0.932,1.0
BA,1.9,memory,0.952,1.0
BA,1.9,memory,0.896,1.0
BA,1.9,memory,0.992,1.0
BA,1.9,memory,0.99,1.0
BA,1.9,memory,0.9,1.0
BA,1.9,memory,0.872,1.0
BA,1.9,memory,0.836,1.0
BA,1.9,memory,0.908,1.0
BA,1.9,memory,0.94,1.0
BA,1.9,memory,0.0,0.0
BA,1.9,memory,0.93,1.0
BA,1.9,memory,0.904,1.0
BA,1.9,memory,0.92,1.0
BA,1.9,memory,0.884,1.0
BA,1.9,memory,0.92,1.0
BA,1.9,memory,0.906,1.0
BA,1.9,memory,0.898,1.0
BA,1.9,memory,0.938,1.0
BA,1.9,memory,0.906,1.0
BA,1.9,memory,0.896,1.0
BA,1.9,memory,0.924,1.0
BA,1.9,memory,0.926,1.0
BA,1.9,memory,0.878,1.0
BA,1.9,memory,0.928,1.0
BA,1.9,memory,0.926,1.0
BA,1.9,memory,0.926,1.0
BA,1.9,memory,0.896,1.0
BA,1.9,memory,0.868,1.0
BA,1.9,memory,0.918,1.0
BA,1.9,memory,0.992,1.0
BA,1.9,memory,0.918,1.0
BA,1.9,memory,0.992,1.0
BA,1.9,memory,0.914,1.0
BA,1.9,memory,0.954,1.0
BA,1.9,memory,0.902,1.0
BA,1.9,memory,0.906,1.0
BA,1.9,memory,0.902,1.0
BA,1.9,memory,0.85,1.0
BA,1.9,memory,0.932,1.0
BA,1.9,memory,0.878,1.0
BA,1.9,memory,0.926,1.0
BA,1.9,memory,0.886,1.0
BA,1.9,memory,0.868,1.0
BA,1.9,memory,0.852,1.0
BA,1.9,memory,0.872,1.0
BA,1.9,memory,0.894,1.0
BA,1.9,memory,0.908,1.0
BA,1.9,memory,0.958,1.0
BA,1.9,memory,0.898,1.0
BA,1.9,memory,0.918,1.0
BA,1.9,memory,0.92,1.0
BA,1.9,memory,0.926,1.0
BA,1.9,memory,0.886,1.0
BA,1.9,memory,0.91,1.0
BA,1.9,memory,0.954,1.0
BA,1.9,memory,0.866,1.0
BA,1.9,memory,0.99,1.0
BA,1.9,memory,0.892,1.0
BA,1.9,memory,0.91,1.0
BA,1.9,memory,0.888,1.0
BA,1.9,memory,0.932,1.0
BA,1.9,memory,0.978,1.0
BA,1.9,memory,0.846,1.0
BA,1.9,memory,0.92,1.0
BA,1.9,memory,0.88,1.0
BA,1.9,memory,0.932,1.0
BA,1.9,memory,0.904,1.0
BA,1.9,memory,0.908,1.0
BA,1.9,memory,0.898,1.0
BA,1.9,memory,0.91,1.0
BA,1.9,memory,0.946,1.0
BA,1.9,memory,0.888,1.0
BA,1.9,memory,0.928,1.0
BA,1.9,memory,0.902,1.0
BA,1.9,memory,0.914,1.0
BA,1.9,memory,0.9,1.0
BA,1.9,memory,0.924,1.0
BA,1.9,memory,0.95,1.0
BA,1.9,memory,0.866,1.0
BA,1.9,memory,0.914,1.0
BA,1.9,memory,0.916,1.0
BA,1.9,memory,0.91,1.0
BA,1.9,memory,0.908,1.0
BA,1.9,memory,0.91,1.0
BA,1.9,memory,0.016,0.0
BA,1.9,memory,0.902,1.0
BA,1.9,memory,0.856,1.0
BA,1.9,memory,0.91,1.0
BA,1.9,memory,0.912,1.0
BA,1.9,memory,0.954,1.0
BA,1.9,memory,0.934,1.0
BA,1.9,memory,0.816,1.0
BA,1.9,memory,0.952,1.0
BA,1.9,memory,0.904,1.0
BA,1.9,memory,0.862,1.0
BA,1.9,memory,0.938,1.0
BA,1.9,memory,0.874,1.0
BA,2.0,memory,0.672,1.0
BA,2.0,memory,0.816,1.0
BA,2.0,memory,0.814,1.0
BA,2.0,memory,0.794,1.0
BA,2.0,memory,0.758,1.0
BA,2.0,memory,0.906,1.0
BA,2.0,memory,0.992,1.0
BA,2.0,memory,0.766,1.0
BA,2.0,memory,0.704,1.0
BA,2.0,memory,0.822,1.0
BA,2.0,memory,0.678,1.0
BA,2.0,memory,0.684,1.0
BA,2.0,memory,0.0,0.0
BA,2.0,memory,0.744,1.0
BA,2.0,memory,0.832,1.0
BA,2.0,memory,0.756,1.0
BA,2.0,memory,0.81,1.0
BA,2.0,memory,0.808,1.0
BA,2.0,memory,0.0,0.0
BA,2.0,memory,0.0,0.0
BA,2.0,memory,0.784,1.0
BA,2.0,memory,0.824,1.0
BA,2.0,memory,0.83,1.0
BA,2.0,memory,0.864,1.0
BA,2.0,memory,0.664,1.0
BA,2.0,memory,0.806,1.0
BA,2.0,memory,0.68,1.0
BA,2.0,memory,0.772,1.0
BA,2.0,memory,0.75,1.0
BA,2.0,memory,0.746,1.0
BA,2.0,memory,0.816,1.0
BA,2.0,memory,0.726,1.0
BA,2.0,memory,0.898,1.0
BA,2.0,memory,0.78,1.0
BA,2.0,memory,0.99,1.0
BA,2.0,memory,0.812,1.0
BA,2.0,memory,0.818,1.0
BA,2.0,memory,0.762,1.0
BA,2.0,memory,0.812,1.0
BA,2.0,memory,0.79,1.0
BA,2.0,memory,0.74,1.0
BA,2.0,memory,0.79,1.0
BA,2.0,memory,0.796,1.0
BA,2.0,memory,0.892,1.0
BA,2.0,memory,0.63,1.0
BA,2.0,memory,0.792,1.0
BA,2.0,memory,0.81,1.0
BA,2.0,memory,0.732,1.0
BA,2.0,memory,0.736,1.0
BA,2.0,memory,0.766,1.0
BA,2.0,memory,0.81,1.0
BA,2.0,memory,0.734,1.0
BA,2.0,memory,0.836,1.0
BA,2.0,memory,0.752,1.0
BA,2.0,memory,0.744,1.0
BA,2.0,memory,0.694,1.0
BA,2.0,memory,0.756,1.0
BA,2.0,memory,0.9,1.0
BA,2.0,memory,0.834,1.0
BA,2.0,memory,0.988,1.0
BA,2.0,memory,0.856,1.0
BA,2.0,memory,0.856,1.0
BA,2.0,memory,0.66,1.0
BA,2.0,memory,0.824,1.0
BA,2.0,memory,0.842,1.0
BA,2.0,memory,0.762,1.0
BA,2.0,memory,0.832,1.0
BA,2.0,memory,0.75,1.0
BA,2.0,memory,0.784,1.0
BA,2.0,memory,0.698,1.0
BA,2.0,memory,0.786,1.0
BA,2.0,memory,0.81,1.0
BA,2.0,memory,0.786,1.0
BA,2.0,memory,0.802,1.0
BA,2.0,memory,0.79,1.0
BA,2.0,memory,0.716,1.0
BA,2.0,memory,0.722,1.0
BA,2.0,memory,0.836,1.0
BA,2.0,memory,0.798,1.0
BA,2.0,memory,0.79,1.0
BA,2.0,memory,0.756,1.0
BA,2.0,memory,0.748,1.0
BA,2.0,memory,0.748,1.0
BA,2.0,memory,0.766,1.0
BA,2.0,memory,0.716,1.0
BA,2.0,memory,0.0,0.0
BA,2.0,memory,0.852,1.0
BA,2.0,memory,0.006,0.0
BA,2.0,memory,0.82,1.0
BA,2.0,memory,0.774,1.0
BA,2.0,memory,0.752,1.0
BA,2.0,memory,0.712,1.0
BA,2.0,memory,0.808,1.0
BA,2.0,memory,0.81,1.0
BA,2.0,memory,0.834,1.0
BA,2.0,memory,0.828,1.0
BA,2.0,memory,0.704,1.0
BA,2.0,memory,0.794,1.0
BA,2.0,memory,0.828,1.0
BA,2.0,memory,0.8,1.0
ER,1.0,amnesic,1.0,1.0
ER,1.0,amnesic,1.0,1.0
ER,1.0,amnesic,1.0,1.0
ER,1.0,amnesic,1.0,1.0
ER,1.0,amnesic,1.0,1.0
ER,1.0,amnesic,1.0,1.0
ER,1.0,amnesic,1.0,1.0
ER,1.0,amnesic,1.0,1.0
ER,1.0,amnesic,1.0,1.0
ER,1.0,amnesic,1.0,1.0
ER,1.0,amnesic,1.0,1.0
ER,1.0,amnesic,1.0,1.0
ER,1.0,amnesic,1.0,1.0
ER,1.0,amnesic,1.0,1.0
ER,1.0,amnesic,1.0,1.0
ER,1.0,amnesic,1.0,1.0
ER,1.0,amnesic,1.0,1.0
ER,1.0,amnesic,1.0,1.0
ER,1.0,amnesic,1.0,1.0
ER,1.0,amnesic,1.0,1.0
ER,1.0,amnesic,1.0,1.0
ER,1.0,amnesic,1.0,1.0
ER,1.0,amnesic,1.0,1.0
ER,1.0,amnesic,1.0,1.0
ER,1.0,amnesic,1.0,1.0
ER,1.0,amnesic,1.0,1.0
ER,1.0,amnesic,1.0,1.0
ER,1.0,amnesic,1.0,1.0
ER,1.0,amnesic,1.0,1.0
ER,1.0,amnesic,1.0,1.0
ER,1.0,amnesic,1.0,1.0
ER,1.0,amnesic,1.0,1.0
ER,1.0,amnesic,1.0,1.0
ER,1.0,amnesic,1.0,1.0
ER,1.0,amnesic,1.0,1.0
ER,1.0,amnesic,1.0,1.0
ER,1.0,amnesic,1.0,1.0
ER,1.0,amnesic,1.0,1.0
ER,1.0,amnesic,1.0,1.0
ER,1.0,amnesic,1.0,1.0
ER,1.0,amnesic,1.0,1.0
ER,1.0,amnesic,1.0,1.0
ER,1.0,amnesic,1.0,1.0
ER,1.0,amnesic,1.0,1.0
ER,1.0,amnesic,1.0,1.0
ER,1.0,amnesic,1.0,1.0
ER,1.0,amnesic,1.0,1.0
ER,1.0,amnesic,1.0,1.0
ER,1.0,amnesic,1.0,1.0
ER,1.0,amnesic,1.0,1.0
ER,1.0,amnesic,1.0,1.0
ER,1.0,amnesic,1.0,1.0
ER,1.0,amnesic,1.0,1.0
ER,1.0,amnesic,1.0,1.0
ER,1.0,amnesic,1.0,1.0
ER,1.0,amnesic,1.0,1.0
ER,1.0,amnesic,1.0,1.0
ER,1.0,amnesic,1.0,1.0
ER,1.0,amnesic,1.0,1.0
ER,1.0,amnesic,1.0,1.0
ER,1.0,amnesic,1.0,1.0
ER,1.0,amnesic,1.0,1.0
ER,1.0,amnesic,1.0,1.0
ER,1.0,amnesic,1.0,1.0
ER,1.0,amnesic,1.0,1.0
ER,1.0,amnesic,1.0,1.0
ER,1.0,amnesic,1.0,1.0
ER,1.0,amnesic,1.0,1.0
ER,1.0,amnesic,1.0,1.0
ER,1.0,amnesic,1.0,1.0
ER,1.0,amnesic,1.0,1.0
ER,1.0,amnesic,1.0,1.0
ER,1.0,amnesic,1.0,1.0
ER,1.0,amnesic,1.0,1.0
ER,1.0,amnesic,1.0,1.0
ER,1.0,amnesic,1.0,1.0
ER,1.0,amnesic,1.0,1.0
ER,1.0,amnesic,1.0,1.0
ER,1.0,amnesic,1.0,1.0
ER,1.0,amnesic,1.0,1.0
ER,1.0,amnesic,1.0,1.0
ER,1.0,amnesic,1.0,1.0
ER,1.0,amnesic,1.0,1.0
ER,1.0,amnesic,1.0,1.0
ER,1.0,amnesic,1.0,1.0
ER,1.0,amnesic,1.0,1.0
ER,1.0,amnesic,1.0,1.0
ER,1.0,amnesic,1.0,1.0
ER,1.0,amnesic,1.0,1.0
ER,1.0,amnesic,1.0,1.0
ER,1.0,amnesic,1.0,1.0
ER,1.0,amnesic,1.0,1.0
ER,1.0,amnesic,1.0,1.0
ER,1.0,amnesic,1.0,1.0
ER,1.0,amnesic,1.0,1.0
ER,1.0,amnesic,1.0,1.0
ER,1.0,amnesic,1.0,1.0
ER,1.0,amnesic,1.0,1.0
ER,1.0,amnesic,1.0,1.0
ER,1.0,amnesic,1.0,1.0
ER,1.1,amnesic,1.0,1.0
ER,1.1,amnesic,1.0,1.0
ER,1.1,amnesic,1.0,1.0
ER,1.1,amnesic,1.0,1.0
ER,1.1,amnesic,1.0,1.0
ER,1.1,amnesic,1.0,1.0
ER,1.1,amnesic,1.0,1.0
ER,1.1,amnesic,1.0,1.0
ER,1.1,amnesic,1.0,1.0
ER,1.1,amnesic,1.0,1.0
ER,1.1,amnesic,1.0,1.0
ER,1.1,amnesic,1.0,1.0
ER,1.1,amnesic,1.0,1.0
ER,1.1,amnesic,1.0,1.0
ER,1.1,amnesic,1.0,1.0
ER,1.1,amnesic,1.0,1.0
ER,1.1,amnesic,1.0,1.0
ER,1.1,amnesic,1.0,1.0
ER,1.1,amnesic,1.0,1.0
ER,1.1,amnesic,1.0,1.0
ER,1.1,amnesic,1.0,1.0
ER,1.1,amnesic,1.0,1.0
ER,1.1,amnesic,1.0,1.0
ER,1.1,amnesic,1.0,1.0
ER,1.1,amnesic,1.0,1.0
ER,1.1,amnesic,1.0,1.0
ER,1.1,amnesic,1.0,1.0
ER,1.1,amnesic,1.0,1.0
ER,1.1,amnesic,1.0,1.0
ER,1.1,amnesic,1.0,1.0
ER,1.1,amnesic,1.0,1.0
ER,1.1,amnesic,1.0,1.0
ER,1.1,amnesic,1.0,1.0
ER,1.1,amnesic,1.0,1.0
ER,1.1,amnesic,1.0,1.0
ER,1.1,amnesic,1.0,1.0
ER,1.1,amnesic,1.0,1.0
ER,1.1,amnesic,1.0,1.0
ER,1.1,amnesic,1.0,1.0
ER,1.1,amnesic,1.0,1.0
ER,1.1,amnesic,1.0,1.0
ER,1.1,amnesic,1.0,1.0
ER,1.1,amnesic,1.0,1.0
ER,1.1,amnesic,1.0,1.0
ER,1.1,amnesic,1.0,1.0
ER,1.1,amnesic,1.0,1.0
ER,1.1,amnesic,1.0,1.0
ER,1.1,amnesic,1.0,1.0
ER,1.1,amnesic,1.0,1.0
ER,1.1,amnesic,1.0,1.0
ER,1.1,amnesic,1.0,1.0
ER,1.1,amnesic,1.0,1.0
ER,1.1,amnesic,1.0,1.0
ER,1.1,amnesic,1.0,1.0
ER,1.1,amnesic,1.0,1.0
ER,1.1,amnesic,1.0,1.0
ER,1.1,amnesic,1.0,1.0
ER,1.1,amnesic,1.0,1.0
ER,1.1,amnesic,1.0,1.0
ER,1.1,amnesic,1.0,1.0
ER,1.1,amnesic,1.0,1.0
ER,1.1,amnesic,1.0,1.0
ER,1.1,amnesic,1.0,1.0
ER,1.1,amnesic,1.0,1.0
ER,1.1,amnesic,1.0,1.0
ER,1.1,amnesic,1.0,1.0
ER,1.1,amnesic,1.0,1.0
ER,1.1,amnesic,1.0,1.0
ER,1.1,amnesic,1.0,1.0
ER,1.1,amnesic,1.0,1.0
ER,1.1,amnesic,1.0,1.0
ER,1.1,amnesic,1.0,1.0
ER,1.1,amnesic,1.0,1.0
ER,1.1,amnesic,1.0,1.0
ER,1.1,amnesic,1.0,1.0
ER,1.1,amnesic,1.0,1.0
ER,1.1,amnesic,1.0,1.0
ER,1.1,amnesic,1.0,1.0
ER,1.1,amnesic,1.0,1.0
ER,1.1,amnesic,1.0,1.0
ER,1.1,amnesic,1.0,1.0
ER,1.1,amnesic,1.0,1.0
ER,1.1,amnesic,1.0,1.0
ER,1.1,amnesic,1.0,1.0
ER,1.1,amnesic,1.0,1.0
ER,1.1,amnesic,1.0,1.0
ER,1.1,amnesic,1.0,1.0
ER,1.1,amnesic,1.0,1.0
ER,1.1,amnesic,1.0,1.0
ER,1.1,amnesic,1.0,1.0
ER,1.1,amnesic,1.0,1.0
ER,1.1,amnesic,1.0,1.0
ER,1.1,amnesic,1.0,1.0
ER,1.1,amnesic,1.0,1.0
ER,1.1,amnesic,1.0,1.0
ER,1.1,amnesic,1.0,1.0
ER,1.1,amnesic,1.0,1.0
ER,1.1,amnesic,1.0,1.0
ER,1.1,amnesic,1.0,1.0
ER,1.1,amnesic,1.0,1.0
ER,1.2,amnesic,0.2,0.4
ER,1.2,amnesic,0.308,0.6
ER,1.2,amnesic,0.282,0.5
ER,1.2,amnesic,0.234,0.4
ER,1.2,amnesic,0.228,0.3
ER,1.2,amnesic,0.248,0.4
ER,1.2,amnesic,0.266,0.4
ER,1.2,amnesic,0.362,0.4
ER,1.2,amnesic,0.27,0.7
ER,1.2,amnesic,0.264,0.5
ER,1.2,amnesic,0.296,0.6
ER,1.2,amnesic,0.264,0.2
ER,1.2,amnesic,0.246,0.5
ER,1.2,amnesic,0.254,0.5
ER,1.2,amnesic,0.318,0.7
ER,1.2,amnesic,0.302,0.6
ER,1.2,amnesic,0.266,0.2
ER,1.2,amnesic,0.308,0.3
ER,1.2,amnesic,0.294,0.3
ER,1.2,amnesic,0.328,0.4
ER,1.2,amnesic,0.316,0.7
ER,1.2,amnesic,0.316,0.2
ER,1.2,amnesic,0.292,0.3
ER,1.2,amnesic,0.31,0.8
ER,1.2,amnesic,0.236,0.2
ER,1.2,amnesic,0.274,0.7
ER,1.2,amnesic,0.27,0.4
ER,1.2,amnesic,0.23,0.5
ER,1.2,amnesic,0.26,0.7
ER,1.2,amnesic,0.302,0.6
ER,1.2,amnesic,0.162,0.4
ER,1.2,amnesic,0.27,0.4
ER,1.2,amnesic,0.324,0.4
ER,1.2,amnesic,0.254,0.6
ER,1.2,amnesic,0.26,0.5
ER,1.2,amnesic,0.328,0.4
ER,1.2,amnesic,0.28,0.5
ER,1.2,amnesic,0.222,0.4
ER,1.2,amnesic,0.21,0.1
ER,1.2,amnesic,0.194,0.3
ER,1.2,amnesic,0.262,0.4
ER,1.2,amnesic,0.318,0.6
ER,1.2,amnesic,0.254,0.3
ER,1.2,amnesic,0.302,0.3
ER,1.2,amnesic,0.28,0.3
ER,1.2,amnesic,0.258,0.5
ER,1.2,amnesic,0.21,0.3
ER,1.2,amnesic,0.252,0.2
ER,1.2,amnesic,0.302,0.5
ER,1.2,amnesic,0.256,0.5
ER,1.2,amnesic,0.228,0.5
ER,1.2,amnesic,0.206,0.3
ER,1.2,amnesic,0.29,0.4
ER,1.2,amnesic,0.206,0.5
ER,1.2,amnesic,0.21,0.3
ER,1.2,amnesic,0.334,0.5
ER,1.2,amnesic,0.334,0.4
ER,1.2,amnesic,0.288,0.5
ER,1.2,amnesic,0.202,0.4
ER,1.2,amnesic,0.272,0.1
ER,1.2,amnesic,0.224,0.5
ER,1.2,amnesic,0.226,0.4
ER,1.2,amnesic,0.26,0.6
ER,1.2,amnesic,0.26,0.4
ER,1.2,amnesic,0.32,0.6
ER,1.2,amnesic,0.236,0.2
ER,1.2,amnesic,0.262,0.5
ER,1.2,amnesic,0.262,0.4
ER,1.2,amnesic,0.254,0.4
ER,1.2,amnesic,0.254,0.6
ER,1.2,amnesic,0.24,0.3
ER,1.2,amnesic,0.258,0.6
ER,1.2,amnesic,0.262,0.4
ER,1.2,amnesic,0.294,0.6
ER,1.2,amnesic,0.338,0.6
ER,1.2,amnesic,0.278,0.4
ER,1.2,amnesic,0.33,0.5
ER,1.2,amnesic,0.212,0.2
ER,1.2,amnesic,0.336,0.4
ER,1.2,amnesic,0.31,0.4
ER,1.2,amnesic,0.208,0.5
ER,1.2,amnesic,0.312,0.6
ER,1.2,amnesic,0.256,0.5
ER,1.2,amnesic,0.308,0.4
ER,1.2,amnesic,0.218,0.1
ER,1.2,amnesic,0.278,0.5
ER,1.2,amnesic,0.246,0.5
ER,1.2,amnesic,0.19,0.5
ER,1.2,amnesic,0.286,0.3
ER,1.2,amnesic,0.292,0.5
ER,1.2,amnesic,0.304,0.7
ER,1.2,amnesic,0.192,0.1
ER,1.2,amnesic,0.224,0.3
ER,1.2,amnesic,0.248,0.6
ER,1.2,amnesic,0.256,0.3
ER,1.2,amnesic,0.288,0.4
ER,1.2,amnesic,0.324,0.7
ER,1.2,amnesic,0.248,0.4
ER,1.2,amnesic,0.244,0.4
ER,1.2,amnesic,0.22,0.4
ER,1.3,amnesic,0.188,0.3
ER,1.3,amnesic,0.116,0.4
ER,1.3,amnesic,0.164,0.1
ER,1.3,amnesic,0.136,0.3
ER,1.3,amnesic,0.132,0.1
ER,1.3,amnesic,0.17,0.2
ER,1.3,amnesic,0.166,0.2
ER,1.3,amnesic,0.178,0.0
ER,1.3,amnesic,0.07,0.2
ER,1.3,amnesic,0.142,0.1
ER,1.3,amnesic,0.18,0.6
ER,1.3,amnesic,0.148,0.3
ER,1.3,amnesic,0.152,0.3
ER,1.3,amnesic,0.138,0.0
ER,1.3,amnesic,0.154,0.3
ER,1.3,amnesic,0.174,0.2
ER,1.3,amnesic,0.132,0.3
ER,1.3,amnesic,0.136,0.2
ER,1.3,amnesic,0.12,0.4
ER,1.3,amnesic,0.17,0.2
ER,1.3,amnesic,0.15,0.4
ER,1.3,amnesic,0.162,0.5
ER,1.3,amnesic,0.082,0.4
ER,1.3,amnesic,0.162,0.1
ER,1.3,amnesic,0.188,0.3
ER,1.3,amnesic,0.166,0.3
ER,1.3,amnesic,0.12,0.1
ER,1.3,amnesic,0.164,0.3
ER,1.3,amnesic,0.17,0.3
ER,1.3,amnesic,0.134,0.3
ER,1.3,amnesic,0.168,0.2
ER,1.3,amnesic,0.142,0.2
ER,1.3,amnesic,0.078,0.2
ER,1.3,amnesic,0.162,0.1
ER,1.3,amnesic,0.186,0.3
ER,1.3,amnesic,0.116,0.0
ER,1.3,amnesic,0.164,0.5
ER,1.3,amnesic,0.128,0.1
ER,1.3,amnesic,0.146,0.2
ER,1.3,amnesic,0.16,0.1
ER,1.3,amnesic,0.154,0.3
ER,1.3,amnesic,0.154,0.4
ER,1.3,amnesic,0.1,0.3
ER,1.3,amnesic,0.104,0.1
ER,1.3,amnesic,0.12,0.3
ER,1.3,amnesic,0.148,0.4
ER,1.3,amnesic,0.15,0.3
ER,1.3,amnesic,0.152,0.4
ER,1.3,amnesic,0.18,0.2
ER,1.3,amnesic,0.174,0.4
ER,1.3,amnesic,0.13,0.1
ER,1.3,amnesic,0.098,0.1
ER,1.3,amnesic,0.178,0.4
ER,1.3,amnesic,0.18,0.1
ER,1.3,amnesic,0.156,0.1
ER,1.3,amnesic,0.168,0.5
ER,1.3,amnesic,0.17,0.5
ER,1.3,amnesic,0.1,0.2
ER,1.3,amnesic,0.164,0.2
ER,1.3,amnesic,0.08,0.1
ER,1.3,amnesic,0.168,0.4
ER,1.3,amnesic,0.154,0.2
ER,1.3,amnesic,0.176,0.1
ER,1.3,amnesic,0.14,0.1
ER,1.3,amnesic,0.142,0.2
ER,1.3,amnesic,0.11,0.0
ER,1.3,amnesic,0.144,0.2
ER,1.3,amnesic,0.118,0.1
ER,1.3,amnesic,0.136,0.3
ER,1.3,amnesic,0.14,0.1
ER,1.3,amnesic,0.13,0.1
ER,1.3,amnesic,0.156,0.4
ER,1.3,amnesic,0.168,0.2
ER,1.3,amnesic,0.174,0.3
ER,1.3,amnesic,0.19,0.3
ER,1.3,amnesic,0.122,0.1
ER,1.3,amnesic,0.156,0.3
ER,1.3,amnesic,0.106,0.5
ER,1.3,amnesic,0.172,0.1
ER,1.3,amnesic,0.15,0.3
ER,1.3,amnesic,0.164,0.1
ER,1.3,amnesic,0.144,0.2
ER,1.3,amnesic,0.128,0.1
ER,1.3,amnesic,0.132,0.2
ER,1.3,amnesic,0.182,0.3
ER,1.3,amnesic,0.172,0.4
ER,1.3,amnesic,0.176,0.3
ER,1.3,amnesic,0.13,0.1
ER,1.3,amnesic,0.156,0.2
ER,1.3,amnesic,0.136,0.4
ER,1.3,amnesic,0.098,0.1
ER,1.3,amnesic,0.146,0.2
ER,1.3,amnesic,0.152,0.4
ER,1.3,amnesic,0.096,0.3
ER,1.3,amnesic,0.134,0.0
ER,1.3,amnesic,0.142,0.7
ER,1.3,amnesic,0.074,0.0
ER,1.3,amnesic,0.172,0.2
ER,1.3,amnesic,0.162,0.4
ER,1.3,amnesic,0.154,0.2
ER,1.4,amnesic,0.088,0.2
ER,1.4,amnesic,0.08,0.3
ER,1.4,amnesic,0.102,0.0
ER,1.4,amnesic,0.11,0.2
ER,1.4,amnesic,0.0,0.0
ER,1.4,amnesic,0.07,0.1
ER,1.4,amnesic,0.094,0.3
ER,1.4,amnesic,0.092,0.0
ER,1.4,amnesic,0.084,0.0
ER,1.4,amnesic,0.0,0.0
ER,1.4,amnesic,0.08,0.1
ER,1.4,amnesic,0.118,0.2
ER,1.4,amnesic,0.064,0.1
ER,1.4,amnesic,0.108,0.3
ER,1.4,amnesic,0.096,0.0
ER,1.4,amnesic,0.124,0.3
ER,1.4,amnesic,0.09,0.2
ER,1.4,amnesic,0.172,0.2
ER,1.4,amnesic,0.072,0.0
ER,1.4,amnesic,0.0,0.0
ER,1.4,amnesic,0.104,0.3
ER,1.4,amnesic,0.0,0.0
ER,1.4,amnesic,0.096,0.3
ER,1.4,amnesic,0.0,0.0
ER,1.4,amnesic,0.112,0.3
ER,1.4,amnesic,0.104,0.1
ER,1.4,amnesic,0.114,0.1
ER,1.4,amnesic,0.13,0.2
ER,1.4,amnesic,0.0,0.0
ER,1.4,amnesic,0.09,0.2
ER,1.4,amnesic,0.064,0.2
ER,1.4,amnesic,0.096,0.1
ER,1.4,amnesic,0.0,0.0
ER,1.4,amnesic,0.084,0.2
ER,1.4,amnesic,0.088,0.3
ER,1.4,amnesic,0.108,0.5
ER,1.4,amnesic,0.0,0.0
ER,1.4,amnesic,0.082,0.2
ER,1.4,amnesic,0.092,0.0
ER,1.4,amnesic,0.1,0.4
ER,1.4,amnesic,0.06,0.2
ER,1.4,amnesic,0.108,0.4
ER,1.4,amnesic,0.0,0.0
ER,1.4,amnesic,0.084,0.1
ER,1.4,amnesic,0.092,0.3
ER,1.4,amnesic,0.1,0.0
ER,1.4,amnesic,0.038,0.1
ER,1.4,amnesic,0.11,0.2
ER,1.4,amnesic,0.08,0.0
ER,1.4,amnesic,0.088,0.3
ER,1.4,amnesic,0.092,0.2
ER,1.4,amnesic,0.094,0.4
ER,1.4,amnesic,0.102,0.1
ER,1.4,amnesic,0.04,0.1
ER,1.4,amnesic,0.086,0.1
ER,1.4,amnesic,0.09,0.3
ER,1.4,amnesic,0.084,0.3
ER,1.4,amnesic,0.1,0.2
ER,1.4,amnesic,0.092,0.2
ER,1.4,amnesic,0.112,0.4
ER,1.4,amnesic,0.048,0.0
ER,1.4,amnesic,0.098,0.1
ER,1.4,amnesic,0.0,0.0
ER,1.4,amnesic,0.102,0.1
ER,1.4,amnesic,0.084,0.1
ER,1.4,amnesic,0.0,0.0
ER,1.4,amnesic,0.062,0.1
ER,1.4,amnesic,0.098,0.2
ER,1.4,amnesic,0.054,0.0
ER,1.4,amnesic,0.066,0.1
ER,1.4,amnesic,0.104,0.3
ER,1.4,amnesic,0.14,0.1
ER,1.4,amnesic,0.06,0.1
ER,1.4,amnesic,0.0,0.0
ER,1.4,amnesic,0.104,0.1
ER,1.4,amnesic,0.114,0.2
ER,1.4,amnesic,0.116,0.3
ER,1.4,amnesic,0.11,0.1
ER,1.4,amnesic,0.0,0.0
ER,1.4,amnesic,0.08,0.1
ER,1.4,amnesic,0.09,0.1
ER,1.4,amnesic,0.12,0.3
ER,1.4,amnesic,0.07,0.1
ER,1.4,amnesic,0.1,0.1
ER,1.4,amnesic,0.122,0.4
ER,1.4,amnesic,0.09,0.2
ER,1.4,amnesic,0.074,0.1
ER,1.4,amnesic,0.062,0.1
ER,1.4,amnesic,0.114,0.4
ER,1.4,amnesic,0.088,0.1
ER,1.4,amnesic,0.096,0.0
ER,1.4,amnesic,0.0,0.0
ER,1.4,amnesic,0.094,0.2
ER,1.4,amnesic,0.058,0.1
ER,1.4,amnesic,0.076,0.0
ER,1.4,amnesic,0.134,0.4
ER,1.4,amnesic,0.094,0.1
ER,1.4,amnesic,0.032,0.0
ER,1.4,amnesic,0.106,0.3
ER,1.4,amnesic,0.098,0.1
ER,1.0,memory,1.0,1.0
ER,1.0,memory,1.0,1.0
ER,1.0,memory,1.0,1.0
ER,1.0,memory,1.0,1.0
ER,1.0,memory,1.0,1.0
ER,1.0,memory,1.0,1.0
ER,1.0,memory,1.0,1.0
ER,1.0,memory,1.0,1.0
ER,1.0,memory,1.0,1.0
ER,1.0,memory,1.0,1.0
ER,1.0,memory,1.0,1.0
ER,1.0,memory,1.0,1.0
ER,1.0,memory,1.0,1.0
ER,1.0,memory,1.0,1.0
ER,1.0,memory,1.0,1.0
ER,1.0,memory,1.0,1.0
ER,1.0,memory,1.0,1.0
ER,1.0,memory,1.0,1.0
ER,1.0,memory,1.0,1.0
ER,1.0,memory,1.0,1.0
ER,1.0,memory,1.0,1.0
ER,1.0,memory,1.0,1.0
ER,1.0,memory,1.0,1.0
ER,1.0,memory,1.0,1.0
ER,1.0,memory,1.0,1.0
ER,1.0,memory,1.0,1.0
ER,1.0,memory,1.0,1.0
ER,1.0,memory,1.0,1.0
ER,1.0,memory,1.0,1.0
ER,1.0,memory,1.0,1.0
ER,1.0,memory,1.0,1.0
ER,1.0,memory,1.0,1.0
ER,1.0,memory,1.0,1.0
ER,1.0,memory,1.0,1.0
ER,1.0,memory,1.0,1.0
ER,1.0,memory,1.0,1.0
ER,1.0,memory,1.0,1.0
ER,1.0,memory,1.0,1.0
ER,1.0,memory,1.0,1.0
ER,1.0,memory,1.0,1.0
ER,1.0,memory,1.0,1.0
ER,1.0,memory,1.0,1.0
ER,1.0,memory,1.0,1.0
ER,1.0,memory,1.0,1.0
ER,1.0,memory,1.0,1.0
ER,1.0,memory,1.0,1.0
ER,1.0,memory,1.0,1.0
ER,1.0,memory,1.0,1.0
ER,1.0,memory,1.0,1.0
ER,1.0,memory,1.0,1.0
ER,1.0,memory,1.0,1.0
ER,1.0,memory,1.0,1.0
ER,1.0,memory,1.0,1.0
ER,1.0,memory,1.0,1.0
ER,1.0,memory,1.0,1.0
ER,1.0,memory,1.0,1.0
ER,1.0,memory,1.0,1.0
ER,1.0,memory,1.0,1.0
ER,1.0,memory,1.0,1.0
ER,1.0,memory,1.0,1.0
ER,1.0,memory,1.0,1.0
ER,1.0,memory,1.0,1.0
ER,1.0,memory,1.0,1.0
ER,1.0,memory,1.0,1.0
ER,1.0,memory,1.0,1.0
ER,1.0,memory,1.0,1.0
ER,1.0,memory,1.0,1.0
ER,1.0,memory,1.0,1.0
ER,1.0,memory,1.0,1.0
ER,1.0,memory,1.0,1.0
ER,1.0,memory,1.0,1.0
ER,1.0,memory,1.0,1.0
ER,1.0,memory,1.0,1.0
ER,1.0,memory,1.0,1.0
ER,1.0,memory,1.0,1.0
ER,1.0,memory,1.0,1.0
ER,1.0,memory,1.0,1.0
ER,1.0,memory,1.0,1.0
ER,1.0,memory,1.0,1.0
ER,1.0,memory,1.0,1.0
ER,1.0,memory,1.0,1.0
ER,1.0,memory,1.0,1.0
ER,1.0,memory,1.0,1.0
ER,1.0,memory,1.0,1.0
ER,1.0,memory,1.0,1.0
ER,1.0,memory,1.0,1.0
ER,1.0,memory,1.0,1.0
ER,1.0,memory,1.0,1.0
ER,1.0,memory,1.0,1.0
ER,1.0,memory,1.0,1.0
ER,1.0,memory,1.0,1.0
ER,1.0,memory,1.0,1.0
ER,1.0,memory,1.0,1.0
ER,1.0,memory,1.0,1.0
ER,1.0,memory,1.0,1.0
ER,1.0,memory,1.0,1.0
ER,1.0,memory,1.0,1.0
ER,1.0,memory,1.0,1.0
ER,1.0,memory,1.0,1.0
ER,1.0,memory,1.0,1.0
ER,1.1,memory,1.0,1.0
ER,1.1,memory,1.0,1.0
ER,1.1,memory,1.0,1.0
ER,1.1,memory,1.0,1.0
ER,1.1,memory,1.0,1.0
ER,1.1,memory,1.0,1.0
ER,1.1,memory,1.0,1.0
ER,1.1,memory,1.0,1.0
ER,1.1,memory,1.0,1.0
ER,1.1,memory,1.0,1.0
ER,1.1,memory,1.0,1.0
ER,1.1,memory,1.0,1.0
ER,1.1,memory,1.0,1.0
ER,1.1,memory,1.0,1.0
ER,1.1,memory,1.0,1.0
ER,1.1,memory,1.0,1.0
ER,1.1,memory,1.0,1.0
ER,1.1,memory,1.0,1.0
ER,1.1,memory,1.0,1.0
ER,1.1,memory,1.0,1.0
ER,1.1,memory,1.0,1.0
ER,1.1,memory,1.0,1.0
ER,1.1,memory,1.0,1.0
ER,1.1,memory,1.0,1.0
ER,1.1,memory,1.0,1.0
ER,1.1,memory,1.0,1.0
ER,1.1,memory,1.0,1.0
ER,1.1,memory,1.0,1.0
ER,1.1,memory,1.0,1.0
ER,1.1,memory,1.0,1.0
ER,1.1,memory,1.0,1.0
ER,1.1,memory,1.0,1.0
ER,1.1,memory,1.0,1.0
ER,1.1,memory,1.0,1.0
ER,1.1,memory,1.0,1.0
ER,1.1,memory,1.0,1.0
ER,1.1,memory,1.0,1.0
ER,1.1,memory,1.0,1.0
ER,1.1,memory,1.0,1.0
ER,1.1,memory,1.0,1.0
ER,1.1,memory,1.0,1.0
ER,1.1,memory,1.0,1.0
ER,1.1,memory,1.0,1.0
ER,1.1,memory,1.0,1.0
ER,1.1,memory,1.0,1.0
ER,1.1,memory,1.0,1.0
ER,1.1,memory,1.0,1.0
ER,1.1,memory,1.0,1.0
ER,1.1,memory,1.0,1.0
ER,1.1,memory,1.0,1.0
ER,1.1,memory,1.0,1.0
ER,1.1,memory,1.0,1.0
ER,1.1,memory,1.0,1.0
ER,1.1,memory,1.0,1.0
ER,1.1,memory,1.0,1.0
ER,1.1,memory,1.0,1.0
ER,1.1,memory,1.0,1.0
ER,1.1,memory,1.0,1.0
ER,1.1,memory,1.0,1.0
ER,1.1,memory,1.0,1.0
ER,1.1,memory,1.0,1.0
ER,1.1,memory,1.0,1.0
ER,1.1,memory,1.0,1.0
ER,1.1,memory,1.0,1.0
ER,1.1,memory,1.0,1.0
ER,1.1,memory,1.0,1.0
ER,1.1,memory,1.0,1.0
ER,1.1,memory,1.0,1.0
ER,1.1,memory,1.0,1.0
ER,1.1,memory,1.0,1.0
ER,1.1,memory,1.0,1.0
ER,1.1,memory,1.0,1.0
ER,1.1,memory,1.0,1.0
ER,1.1,memory,1.0,1.0
ER,1.1,memory,1.0,1.0
ER,1.1,memory,1.0,1.0
ER,1.1,memory,1.0,1.0
ER,1.1,memory,1.0,1.0
ER,1.1,memory,1.0,1.0
ER,1.1,memory,1.0,1.0
ER,1.1,memory,1.0,1.0
ER,1.1,memory,1.0,1.0
ER,1.1,memory,1.0,1.0
ER,1.1,memory,1.0,1.0
ER,1.1,memory,1.0,1.0
ER,1.1,memory,1.0,1.0
ER,1.1,memory,1.0,1.0
ER,1.1,memory,1.0,1.0
ER,1.1,memory,1.0,1.0
ER,1.1,memory,1.0,1.0
ER,1.1,memory,1.0,1.0
ER,1.1,memory,1.0,1.0
ER,1.1,memory,1.0,1.0
ER,1.1,memory,1.0,1.0
ER,1.1,memory,1.0,1.0
ER,1.1,memory,1.0,1.0
ER,1.1,memory,1.0,1.0
ER,1.1,memory,1.0,1.0
ER,1.1,memory,1.0,1.0
ER,1.1,memory,1.0,1.0
ER,1.2,memory,0.282,0.6
ER,1.2,memory,0.258,0.6
ER,1.2,memory,0.268,0.3
ER,1.2,memory,0.276,0.1
ER,1.2,memory,0.292,0.5
ER,1.2,memory,0.206,0.3
ER,1.2,memory,0.292,0.4
ER,1.2,memory,0.238,0.4
ER,1.2,memory,0.234,0.6
ER,1.2,memory,0.228,0.4
ER,1.2,memory,0.346,0.3
ER,1.2,memory,0.26,0.3
ER,1.2,memory,0.278,0.7
ER,1.2,memory,0.264,0.5
ER,1.2,memory,0.276,0.4
ER,1.2,memory,0.276,0.4
ER,1.2,memory,0.304,0.4
ER,1.2,memory,0.29,0.5
ER,1.2,memory,0.222,0.4
ER,1.2,memory,0.296,0.3
ER,1.2,memory,0.252,0.3
ER,1.2,memory,0.29,0.7
ER,1.2,memory,0.282,0.3
ER,1.2,memory,0.356,0.5
ER,1.2,memory,0.248,0.4
ER,1.2,memory,0.314,0.4
ER,1.2,memory,0.266,0.3
ER,1.2,memory,0.274,0.3
ER,1.2,memory,0.274,0.4
ER,1.2,memory,0.304,0.9
ER,1.2,memory,0.166,0.3
ER,1.2,memory,0.302,0.7
ER,1.2,memory,0.238,0.7
ER,1.2,memory,0.286,0.6
ER,1.2,memory,0.344,0.4
ER,1.2,memory,0.228,0.5
ER,1.2,memory,0.246,0.3
ER,1.2,memory,0.24,0.5
ER,1.2,memory,0.226,0.1
ER,1.2,memory,0.29,0.7
ER,1.2,memory,0.284,0.6
ER,1.2,memory,0.248,0.4
ER,1.2,memory,0.24,0.5
ER,1.2,memory,0.274,0.3
ER,1.2,memory,0.218,0.4
ER,1.2,memory,0.258,0.2
ER,1.2,memory,0.308,0.4
ER,1.2,memory,0.278,0.6
ER,1.2,memory,0.288,0.6
ER,1.2,memory,0.28,0.4
ER,1.2,memory,0.294,0.5
ER,1.2,memory,0.244,0.5
ER,1.2,memory,0.196,0.4
ER,1.2,memory,0.224,0.5
ER,1.2,memory,0.24,0.5
ER,1.2,memory,0.274,0.3
ER,1.2,memory,0.272,0.6
ER,1.2,memory,0.294,0.4
ER,1.2,memory,0.196,0.3
ER,1.2,memory,0.322,0.7
ER,1.2,memory,0.278,0.6
ER,1.2,memory,0.226,0.4
ER,1.2,memory,0.284,0.7
ER,1.2,memory,0.348,0.6
ER,1.2,memory,0.28,0.4
ER,1.2,memory,0.35,0.7
ER,1.2,memory,0.204,0.3
ER,1.2,memory,0.272,0.5
ER,1.2,memory,0.326,0.5
ER,1.2,memory,0.304,0.6
ER,1.2,memory,0.244,0.8
ER,1.2,memory,0.27,0.9
ER,1.2,memory,0.292,0.6
ER,1.2,memory,0.268,0.4
ER,1.2,memory,0.326,0.4
ER,1.2,memory,0.266,0.5
ER,1.2,memory,0.248,0.4
ER,1.2,memory,0.362,0.5
ER,1.2,memory,0.274,0.4
ER,1.2,memory,0.272,0.3
ER,1.2,memory,0.274,0.3
ER,1.2,memory,0.304,0.3
ER,1.2,memory,0.288,0.4
ER,1.2,memory,0.262,0.3
ER,1.2,memory,0.228,0.6
ER,1.2,memory,0.286,0.6
ER,1.2,memory,0.334,0.7
ER,1.2,memory,0.256,0.4
ER,1.2,memory,0.242,0.6
ER,1.2,memory,0.286,0.5
ER,1.2,memory,0.292,0.4
ER,1.2,memory,0.316,0.6
ER,1.2,memory,0.208,0.5
ER,1.2,memory,0.266,0.6
ER,1.2,memory,0.256,0.4
ER,1.2,memory,0.278,0.4
ER,1.2,memory,0.24,0.3
ER,1.2,memory,0.314,0.3
ER,1.2,memory,0.24,0.3
ER,1.2,memory,0.254,0.5
ER,1.3,memory,0.158,0.3
ER,1.3,memory,0.128,0.1
ER,1.3,memory,0.18,0.2
ER,1.3,memory,0.162,0.2
ER,1.3,memory,0.182,0.3
ER,1.3,memory,0.174,0.3
ER,1.3,memory,0.178,0.1
ER,1.3,memory,0.156,0.3
ER,1.3,memory,0.138,0.2
ER,1.3,memory,0.196,0.3
ER,1.3,memory,0.124,0.0
ER,1.3,memory,0.134,0.2
ER,1.3,memory,0.144,0.1
ER,1.3,memory,0.13,0.1
ER,1.3,memory,0.166,0.4
ER,1.3,memory,0.14,0.2
ER,1.3,memory,0.152,0.2
ER,1.3,memory,0.144,0.3
ER,1.3,memory,0.176,0.2
ER,1.3,memory,0.18,0.3
ER,1.3,memory,0.186,0.4
ER,1.3,memory,0.11,0.1
ER,1.3,memory,0.128,0.1
ER,1.3,memory,0.146,0.3
ER,1.3,memory,0.192,0.2
ER,1.3,memory,0.124,0.3
ER,1.3,memory,0.158,0.2
ER,1.3,memory,0.148,0.2
ER,1.3,memory,0.074,0.1
ER,1.3,memory,0.098,0.1
ER,1.3,memory,0.168,0.0
ER,1.3,memory,0.14,0.0
ER,1.3,memory,0.146,0.2
ER,1.3,memory,0.11,0.3
ER,1.3,memory,0.144,0.0
ER,1.3,memory,0.154,0.2
ER,1.3,memory,0.142,0.1
ER,1.3,memory,0.166,0.4
ER,1.3,memory,0.208,0.3
ER,1.3,memory,0.148,0.4
ER,1.3,memory,0.116,0.1
ER,1.3,memory,0.11,0.2
ER,1.3,memory,0.18,0.3
ER,1.3,memory,0.138,0.3
ER,1.3,memory,0.162,0.2
ER,1.3,memory,0.2,0.2
ER,1.3,memory,0.144,0.1
ER,1.3,memory,0.176,0.4
ER,1.3,memory,0.122,0.3
ER,1.3,memory,0.14,0.0
ER,1.3,memory,0.108,0.2
ER,1.3,memory,0.196,0.3
ER,1.3,memory,0.118,0.1
ER,1.3,memory,0.182,0.2
ER,1.3,memory,0.144,0.1
ER,1.3,memory,0.144,0.1
ER,1.3,memory,0.114,0.2
ER,1.3,memory,0.188,0.3
ER,1.3,memory,0.096,0.1
ER,1.3,memory,0.168,0.2
ER,1.3,memory,0.086,0.1
ER,1.3,memory,0.158,0.2
ER,1.3,memory,0.176,0.2
ER,1.3,memory,0.158,0.1
ER,1.3,memory,0.128,0.0
ER,1.3,memory,0.09,0.0
ER,1.3,memory,0.086,0.1
ER,1.3,memory,0.172,0.6
ER,1.3,memory,0.156,0.4
ER,1.3,memory,0.14,0.2
ER,1.3,memory,0.122,0.1
ER,1.3,memory,0.172,0.3
ER,1.3,memory,0.144,0.2
ER,1.3,memory,0.124,0.3
ER,1.3,memory,0.124,0.5
ER,1.3,memory,0.136,0.4
ER,1.3,memory,0.14,0.2
ER,1.3,memory,0.132,0.3
ER,1.3,memory,0.118,0.3
ER,1.3,memory,0.13,0.3
ER,1.3,memory,0.11,0.4
ER,1.3,memory,0.082,0.1
ER,1.3,memory,0.138,0.2
ER,1.3,memory,0.124,0.5
ER,1.3,memory,0.146,0.2
ER,1.3,memory,0.136,0.2
ER,1.3,memory,0.148,0.2
ER,1.3,memory,0.166,0.2
ER,1.3,memory,0.116,0.3
ER,1.3,memory,0.178,0.2
ER,1.3,memory,0.0,0.0
ER,1.3,memory,0.194,0.5
ER,1.3,memory,0.15,0.2
ER,1.3,memory,0.092,0.1
ER,1.3,memory,0.162,0.2
ER,1.3,memory,0.194,0.2
ER,1.3,memory,0.124,0.3
ER,1.3,memory,0.132,0.3
ER,1.3,memory,0.136,0.2
ER,1.3,memory,0.116,0.3
ER,1.4,memory,0.084,0.1
ER,1.4,memory,0.102,0.1
ER,1.4,memory,0.0,0.0
ER,1.4,memory,0.092,0.2
ER,1.4,memory,0.088,0.2
ER,1.4,memory,0.0,0.0
ER,1.4,memory,0.098,0.1
ER,1.4,memory,0.0,0.0
ER,1.4,memory,0.092,0.1
ER,1.4,memory,0.0,0.0
ER,1.4,memory,0.094,0.4
ER,1.4,memory,0.0,0.0
ER,1.4,memory,0.082,0.1
ER,1.4,memory,0.084,0.1
ER,1.4,memory,0.108,0.2
ER,1.4,memory,0.098,0.1
ER,1.4,memory,0.108,0.1
ER,1.4,memory,0.094,0.5
ER,1.4,memory,0.04,0.0
ER,1.4,memory,0.092,0.1
ER,1.4,memory,0.066,0.1
ER,1.4,memory,0.074,0.2
ER,1.4,memory,0.0,0.0
ER,1.4,memory,0.0,0.0
ER,1.4,memory,0.036,0.1
ER,1.4,memory,0.1,0.2
ER,1.4,memory,0.116,0.2
ER,1.4,memory,0.074,0.2
ER,1.4,memory,0.1,0.1
ER,1.4,memory,0.078,0.1
ER,1.4,memory,0.104,0.0
ER,1.4,memory,0.0,0.0
ER,1.4,memory,0.102,0.2
ER,1.4,memory,0.0,0.0
ER,1.4,memory,0.074,0.0
ER,1.4,memory,0.0,0.0
ER,1.4,memory,0.0,0.0
ER,1.4,memory,0.1,0.1
ER,1.4,memory,0.06,0.2
ER,1.4,memory,0.052,0.1
ER,1.4,memory,0.0,0.0
ER,1.4,memory,0.086,0.1
ER,1.4,memory,0.022,0.1
ER,1.4,memory,0.128,0.1
ER,1.4,memory,0.114,0.1
ER,1.4,memory,0.0,0.0
ER,1.4,memory,0.044,0.1
ER,1.4,memory,0.0,0.0
ER,1.4,memory,0.082,0.1
ER,1.4,memory,0.074,0.0
ER,1.4,memory,0.03,0.1
ER,1.4,memory,0.086,0.1
ER,1.4,memory,0.104,0.0
ER,1.4,memory,0.0,0.0
ER,1.4,memory,0.098,0.1
ER,1.4,memory,0.082,0.1
ER,1.4,memory,0.116,0.2
ER,1.4,memory,0.026,0.0
ER,1.4,memory,0.0,0.0
ER,1.4,memory,0.078,0.1
ER,1.4,memory,0.07,0.2
ER,1.4,memory,0.074,0.2
ER,1.4,memory,0.086,0.1
ER,1.4,memory,0.096,0.2
ER,1.4,memory,0.08,0.1
ER,1.4,memory,0.116,0.1
ER,1.4,memory,0.078,0.1
ER,1.4,memory,0.086,0.2
ER,1.4,memory,0.146,0.1
ER,1.4,memory,0.044,0.1
ER,1.4,memory,0.106,0.1
ER,1.4,memory,0.0,0.0
ER,1.4,memory,0.082,0.1
ER,1.4,memory,0.0,0.0
ER,1.4,memory,0.106,0.1
ER,1.4,memory,0.09,0.2
ER,1.4,memory,0.064,0.1
ER,1.4,memory,0.096,0.0
ER,1.4,memory,0.084,0.1
ER,1.4,memory,0.094,0.0
ER,1.4,memory,0.072,0.2
ER,1.4,memory,0.0,0.0
ER,1.4,memory,0.0,0.0
ER,1.4,memory,0.088,0.0
ER,1.4,memory,0.07,0.1
ER,1.4,memory,0.078,0.1
ER,1.4,memory,0.112,0.2
ER,1.4,memory,0.096,0.2
ER,1.4,memory,0.068,0.0
ER,1.4,memory,0.09,0.2
ER,1.4,memory,0.018,0.0
ER,1.4,memory,0.0,0.0
ER,1.4,memory,0.086,0.0
ER,1.4,memory,0.102,0.0
ER,1.4,memory,0.0,0.0
ER,1.4,memory,0.0,0.0
ER,1.4,memory,0.096,0.1
ER,1.4,memory,0.096,0.2
ER,1.4,memory,0.064,0.0
ER,1.4,memory,0.04,0.0
